/* CUSTOMER */


INSERT INTO customer (customerId, firstName, surname, phoneNumber, email, address, city, province, zipCode) VALUES ("0103135791087", "Sashil", "Paruk", "0831969694", "220013322@stu.ukzn.ac.za", "463 Derby Ave", "Halfway House", "Gauteng", "1687");
INSERT INTO customer (customerId, firstName, surname, phoneNumber, email, address, city, province, zipCode) VALUES ("0102105776086", "Noveshan", "Gounden", "0847764392", "Nova.G@gmail.com", "2417 Stanza Bopape St", "Louis Trichardt", "Limpopo", "0940");
INSERT INTO customer (customerId, firstName, surname, phoneNumber, email, address, city, province, zipCode) VALUES ("0109246835085", "Ayush", "Harrishun", "0844395163", "disinter1@cwafflebacon.com", "524 Bezuidenhout St", "Bethal", "Mpumalanga", "2320");
INSERT INTO customer (customerId, firstName, surname, phoneNumber, email, address, city, province, zipCode) VALUES ("0111174100086", "Diyajal", "Singh", "0856983472", "andycapp94@hisukamie.com", "2395 Plein St", "Constantia", "Western Cape", "7806");
INSERT INTO customer (customerId, firstName, surname, phoneNumber, email, address, city, province, zipCode) VALUES ("7206117730081", "Santosh", "Sachidanand", "0821110295", "tibor521@hedvdeh.com", "272 Wattle St", "Peddie", "Eastern Cape", "5612");
INSERT INTO customer (customerId, firstName, surname, phoneNumber, email, address, city, province, zipCode) VALUES ("8002124612084", "Naz", "Paruk", "0857053986", "svoktingaz@dmxs8.com", "158 Plane St", "Idutywa", "Eastern Cape", "5650");
INSERT INTO customer (customerId, firstName, surname, phoneNumber, email, address, city, province, zipCode) VALUES ("8203181041080", "Luvi", "Moodley", "0835042030", "mikeedude@teeenye.com", "1809 Plein St", "Khayalitsha", "Western Cape", "7784");
INSERT INTO customer (customerId, firstName, surname, phoneNumber, email, address, city, province, zipCode) VALUES ("8604066864084", "Steven", "Gerrard", "0851799860", "darkchilde@dimana.live", "1109 Bhoola Rd", "East London", "Eastern Cape", "5260");
INSERT INTO customer (customerId, firstName, surname, phoneNumber, email, address, city, province, zipCode) VALUES ("9606256842084", "Roberto", "Firmino", "0857392181", "entrevous@boranora.com", "1430 Devenish St", "Acornhoek", "Limpopo", "1361");
INSERT INTO customer (customerId, firstName, surname, phoneNumber, email, address, city, province, zipCode) VALUES ("9908235951089", "Sadio", "Mane", "0833011860", "shaykovskayan@emvil.com", "2261 Kort St", "Bloemfontein", "Free State", "9307");


/* CATEGORY */


INSERT INTO category (categoryId, name, description) VALUES ("HIVISJAC", "High Visibility Jacket", "Comfortable and breathable, hard working jacket with reflective material for increased visibility in low light environments.");
INSERT INTO category (categoryId, name, description) VALUES ("JACKET", "Jacket", "Range of outerwear for layering or keeping warm.");
INSERT INTO category (categoryId, name, description) VALUES ("HEADWEAR", "Head Wear", "Variety of different coloured safety construction hard hats.");
INSERT INTO category (categoryId, name, description) VALUES ("REFJAC", "Reflective Jacket", "One size fits all reflective jackets.");
INSERT INTO category (categoryId, name, description) VALUES ("GOLFSRT", "Golf Shirt", "Range of comfortable golfer shirts.");
INSERT INTO category (categoryId, name, description) VALUES ("FLTOPS", "Flee Tops", "Quality fuzzy fleece tops.");
INSERT INTO category (categoryId, name, description) VALUES ("BOTTOMS", "Pants", "Range of good quality pants.");


/* PRODUCT */


INSERT INTO product (productName, unitPrice, color, product_size, quantityInStock, categoryId) VALUES ("Barricade Jacket", 868.61, "Safety Orange", "XS", 500, "HIVISJAC");
INSERT INTO product (productName, unitPrice, color, product_size, quantityInStock, categoryId) VALUES ("Barricade Jacket", 868.61, "Safety Orange", "S", 500, "HIVISJAC");
INSERT INTO product (productName, unitPrice, color, product_size, quantityInStock, categoryId) VALUES ("Barricade Jacket", 868.61, "Safety Orange", "M", 500, "HIVISJAC");
INSERT INTO product (productName, unitPrice, color, product_size, quantityInStock, categoryId) VALUES ("Barricade Jacket", 868.61, "Safety Orange", "L", 500, "HIVISJAC");
INSERT INTO product (productName, unitPrice, color, product_size, quantityInStock, categoryId) VALUES ("Barricade Jacket", 868.61, "Safety Orange", "XL", 500, "HIVISJAC");
INSERT INTO product (productName, unitPrice, color, product_size, quantityInStock, categoryId) VALUES ("Barricade Jacket", 868.61, "Navy", "XS", 500, "HIVISJAC");
INSERT INTO product (productName, unitPrice, color, product_size, quantityInStock, categoryId) VALUES ("Barricade Jacket", 868.61, "Navy", "S", 500, "HIVISJAC");
INSERT INTO product (productName, unitPrice, color, product_size, quantityInStock, categoryId) VALUES ("Barricade Jacket", 868.61, "Navy", "M", 500, "HIVISJAC");
INSERT INTO product (productName, unitPrice, color, product_size, quantityInStock, categoryId) VALUES ("Barricade Jacket", 868.61, "Navy", "L", 500, "HIVISJAC");
INSERT INTO product (productName, unitPrice, color, product_size, quantityInStock, categoryId) VALUES ("Barricade Jacket", 868.61, "Navy", "XL", 500, "HIVISJAC");
INSERT INTO product (productName, unitPrice, color, product_size, quantityInStock, categoryId) VALUES ("Barricade Jacket", 868.61, "Safety Yellow", "XS", 500, "HIVISJAC");
INSERT INTO product (productName, unitPrice, color, product_size, quantityInStock, categoryId) VALUES ("Barricade Jacket", 868.61, "Safety Yellow", "S", 500, "HIVISJAC");
INSERT INTO product (productName, unitPrice, color, product_size, quantityInStock, categoryId) VALUES ("Barricade Jacket", 868.61, "Safety Yellow", "M", 500, "HIVISJAC");
INSERT INTO product (productName, unitPrice, color, product_size, quantityInStock, categoryId) VALUES ("Barricade Jacket", 868.61, "Safety Yellow", "L", 500, "HIVISJAC");
INSERT INTO product (productName, unitPrice, color, product_size, quantityInStock, categoryId) VALUES ("Barricade Jacket", 868.61, "Safety Yellow", "XL", 500, "HIVISJAC");
INSERT INTO product (productName, unitPrice, color, product_size, quantityInStock, categoryId) VALUES ("Stanley Bodywarmer", 245.69, "Navy", "XS", 300, "HIVISJAC");
INSERT INTO product (productName, unitPrice, color, product_size, quantityInStock, categoryId) VALUES ("Stanley Bodywarmer", 245.69, "Navy", "S", 300, "HIVISJAC");
INSERT INTO product (productName, unitPrice, color, product_size, quantityInStock, categoryId) VALUES ("Stanley Bodywarmer", 245.69, "Navy", "M", 300, "HIVISJAC");
INSERT INTO product (productName, unitPrice, color, product_size, quantityInStock, categoryId) VALUES ("Stanley Bodywarmer", 245.69, "Navy", "L", 300, "HIVISJAC");
INSERT INTO product (productName, unitPrice, color, product_size, quantityInStock, categoryId) VALUES ("Stanley Bodywarmer", 245.69, "Navy", "XL", 300, "HIVISJAC");
INSERT INTO product (productName, unitPrice, color, product_size, quantityInStock, categoryId) VALUES ("Stanley Bodywarmer", 245.69, "Safety Yellow", "XS", 300, "HIVISJAC");
INSERT INTO product (productName, unitPrice, color, product_size, quantityInStock, categoryId) VALUES ("Stanley Bodywarmer", 245.69, "Safety Yellow", "S", 300, "HIVISJAC");
INSERT INTO product (productName, unitPrice, color, product_size, quantityInStock, categoryId) VALUES ("Stanley Bodywarmer", 245.69, "Safety Yellow", "M", 300, "HIVISJAC");
INSERT INTO product (productName, unitPrice, color, product_size, quantityInStock, categoryId) VALUES ("Stanley Bodywarmer", 245.69, "Safety Yellow", "L", 300, "HIVISJAC");
INSERT INTO product (productName, unitPrice, color, product_size, quantityInStock, categoryId) VALUES ("Stanley Bodywarmer", 245.69, "Safety Yellow", "XL", 300, "HIVISJAC");
INSERT INTO product (productName, unitPrice, color, product_size, quantityInStock, categoryId) VALUES ("Figo Utility Top", 82.18, "White", "XS", 1000, "JACKET");
INSERT INTO product (productName, unitPrice, color, product_size, quantityInStock, categoryId) VALUES ("Figo Utility Top", 82.18, "White", "S", 1000, "JACKET");
INSERT INTO product (productName, unitPrice, color, product_size, quantityInStock, categoryId) VALUES ("Figo Utility Top", 82.18, "White", "M", 1000, "JACKET");
INSERT INTO product (productName, unitPrice, color, product_size, quantityInStock, categoryId) VALUES ("Figo Utility Top", 82.18, "White", "L", 1000, "JACKET");
INSERT INTO product (productName, unitPrice, color, product_size, quantityInStock, categoryId) VALUES ("Figo Utility Top", 82.18, "White", "XL", 1000, "JACKET");
INSERT INTO product (productName, unitPrice, color, product_size, quantityInStock, categoryId) VALUES ("Figo Utility Top", 82.18, "Black", "XS", 1000, "JACKET");
INSERT INTO product (productName, unitPrice, color, product_size, quantityInStock, categoryId) VALUES ("Figo Utility Top", 82.18, "Black", "S", 1000, "JACKET");
INSERT INTO product (productName, unitPrice, color, product_size, quantityInStock, categoryId) VALUES ("Figo Utility Top", 82.18, "Black", "M", 1000, "JACKET");
INSERT INTO product (productName, unitPrice, color, product_size, quantityInStock, categoryId) VALUES ("Figo Utility Top", 82.18, "Black", "L", 1000, "JACKET");
INSERT INTO product (productName, unitPrice, color, product_size, quantityInStock, categoryId) VALUES ("Figo Utility Top", 82.18, "Black", "XL", 1000, "JACKET");
INSERT INTO product (productName, unitPrice, color, product_size, quantityInStock, categoryId) VALUES ("Hard Hat", 24.70, "Yellow", "One size fits all.", 2000, "HEADWEAR");
INSERT INTO product (productName, unitPrice, color, product_size, quantityInStock, categoryId) VALUES ("Hard Hat", 24.70, "Red", "One size fits all.", 1500, "HEADWEAR");
INSERT INTO product (productName, unitPrice, color, product_size, quantityInStock, categoryId) VALUES ("Hard Hat", 24.70, "Green", "One size fits all.", 1200, "HEADWEAR");
INSERT INTO product (productName, unitPrice, color, product_size, quantityInStock, categoryId) VALUES ("Hard Hat", 24.70, "Blue", "One size fits all.", 1000, "HEADWEAR");
INSERT INTO product (productName, unitPrice, color, product_size, quantityInStock, categoryId) VALUES ("Reflective Waistcoat", 39.90, "Lime", "One size fits all.", 1500, "REFJAC");
INSERT INTO product (productName, unitPrice, color, product_size, quantityInStock, categoryId) VALUES ("Reflective Waistcoat", 39.90, "Orange", "One size fits all.", 1500, "REFJAC");
INSERT INTO product (productName, unitPrice, color, product_size, quantityInStock, categoryId) VALUES ("Enviro Golfer", 174.74, "Red", "XS", 1050, "GOLFSRT");
INSERT INTO product (productName, unitPrice, color, product_size, quantityInStock, categoryId) VALUES ("Enviro Golfer", 174.74, "Red", "S", 1050, "GOLFSRT");
INSERT INTO product (productName, unitPrice, color, product_size, quantityInStock, categoryId) VALUES ("Enviro Golfer", 174.74, "Red", "M", 1050, "GOLFSRT");
INSERT INTO product (productName, unitPrice, color, product_size, quantityInStock, categoryId) VALUES ("Enviro Golfer", 174.74, "Red", "L", 1050, "GOLFSRT");
INSERT INTO product (productName, unitPrice, color, product_size, quantityInStock, categoryId) VALUES ("Enviro Golfer", 174.74, "Red", "XL", 1050, "GOLFSRT");
INSERT INTO product (productName, unitPrice, color, product_size, quantityInStock, categoryId) VALUES ("Enviro Golfer", 174.74, "White", "XS", 1050, "GOLFSRT");
INSERT INTO product (productName, unitPrice, color, product_size, quantityInStock, categoryId) VALUES ("Enviro Golfer", 174.74, "White", "S", 1050, "GOLFSRT");
INSERT INTO product (productName, unitPrice, color, product_size, quantityInStock, categoryId) VALUES ("Enviro Golfer", 174.74, "White", "M", 1050, "GOLFSRT");
INSERT INTO product (productName, unitPrice, color, product_size, quantityInStock, categoryId) VALUES ("Enviro Golfer", 174.74, "White", "L", 1050, "GOLFSRT");
INSERT INTO product (productName, unitPrice, color, product_size, quantityInStock, categoryId) VALUES ("Enviro Golfer", 174.74, "White", "XL", 1050, "GOLFSRT");
INSERT INTO product (productName, unitPrice, color, product_size, quantityInStock, categoryId) VALUES ("Enviro Golfer", 174.74, "Black", "XS", 1050, "GOLFSRT");
INSERT INTO product (productName, unitPrice, color, product_size, quantityInStock, categoryId) VALUES ("Enviro Golfer", 174.74, "Black", "S", 1050, "GOLFSRT");
INSERT INTO product (productName, unitPrice, color, product_size, quantityInStock, categoryId) VALUES ("Enviro Golfer", 174.74, "Black", "M", 1050, "GOLFSRT");
INSERT INTO product (productName, unitPrice, color, product_size, quantityInStock, categoryId) VALUES ("Enviro Golfer", 174.74, "Black", "L", 1050, "GOLFSRT");
INSERT INTO product (productName, unitPrice, color, product_size, quantityInStock, categoryId) VALUES ("Enviro Golfer", 174.74, "Black", "XL", 1050, "GOLFSRT");
INSERT INTO product (productName, unitPrice, color, product_size, quantityInStock, categoryId) VALUES ("Ultra Micro Fleece", 395.87, "Khaki", "XS", 580, "FLTOPS");
INSERT INTO product (productName, unitPrice, color, product_size, quantityInStock, categoryId) VALUES ("Ultra Micro Fleece", 395.87, "Khaki", "S", 580, "FLTOPS");
INSERT INTO product (productName, unitPrice, color, product_size, quantityInStock, categoryId) VALUES ("Ultra Micro Fleece", 395.87, "Khaki", "M", 580, "FLTOPS");
INSERT INTO product (productName, unitPrice, color, product_size, quantityInStock, categoryId) VALUES ("Ultra Micro Fleece", 395.87, "Khaki", "L", 580, "FLTOPS");
INSERT INTO product (productName, unitPrice, color, product_size, quantityInStock, categoryId) VALUES ("Ultra Micro Fleece", 395.87, "Khaki", "XL", 580, "FLTOPS");
INSERT INTO product (productName, unitPrice, color, product_size, quantityInStock, categoryId) VALUES ("Ultra Micro Fleece", 395.87, "Navy", "XS", 580, "FLTOPS");
INSERT INTO product (productName, unitPrice, color, product_size, quantityInStock, categoryId) VALUES ("Ultra Micro Fleece", 395.87, "Navy", "S", 580, "FLTOPS");
INSERT INTO product (productName, unitPrice, color, product_size, quantityInStock, categoryId) VALUES ("Ultra Micro Fleece", 395.87, "Navy", "M", 580, "FLTOPS");
INSERT INTO product (productName, unitPrice, color, product_size, quantityInStock, categoryId) VALUES ("Ultra Micro Fleece", 395.87, "Navy", "L", 580, "FLTOPS");
INSERT INTO product (productName, unitPrice, color, product_size, quantityInStock, categoryId) VALUES ("Ultra Micro Fleece", 395.87, "Navy", "XL", 580, "FLTOPS");
INSERT INTO product (productName, unitPrice, color, product_size, quantityInStock, categoryId) VALUES ("Barron Work Wear Jean", 252.90, "Blue", "XS", 1000, "BOTTOMS");
INSERT INTO product (productName, unitPrice, color, product_size, quantityInStock, categoryId) VALUES ("Barron Work Wear Jean", 252.90, "Blue", "S", 1000, "BOTTOMS");
INSERT INTO product (productName, unitPrice, color, product_size, quantityInStock, categoryId) VALUES ("Barron Work Wear Jean", 252.90, "Blue", "M", 1000, "BOTTOMS");
INSERT INTO product (productName, unitPrice, color, product_size, quantityInStock, categoryId) VALUES ("Barron Work Wear Jean", 252.90, "Blue", "L", 1000, "BOTTOMS");
INSERT INTO product (productName, unitPrice, color, product_size, quantityInStock, categoryId) VALUES ("Barron Work Wear Jean", 252.90, "Blue", "XL", 1000, "BOTTOMS");
INSERT INTO product (productName, unitPrice, color, product_size, quantityInStock, categoryId) VALUES ("Barron Work Wear Jean", 252.90, "Black", "XS", 1000, "BOTTOMS");
INSERT INTO product (productName, unitPrice, color, product_size, quantityInStock, categoryId) VALUES ("Barron Work Wear Jean", 252.90, "Black", "S", 1000, "BOTTOMS");
INSERT INTO product (productName, unitPrice, color, product_size, quantityInStock, categoryId) VALUES ("Barron Work Wear Jean", 252.90, "Black", "M", 1000, "BOTTOMS");
INSERT INTO product (productName, unitPrice, color, product_size, quantityInStock, categoryId) VALUES ("Barron Work Wear Jean", 252.90, "Black", "L", 1000, "BOTTOMS");
INSERT INTO product (productName, unitPrice, color, product_size, quantityInStock, categoryId) VALUES ("Barron Work Wear Jean", 252.90, "Black", "XL", 1000, "BOTTOMS");
INSERT INTO product (productName, unitPrice, color, product_size, quantityInStock, categoryId) VALUES ("Brixton Pants", 354.90, "Blue", "XS", 1500, "BOTTOMS");
INSERT INTO product (productName, unitPrice, color, product_size, quantityInStock, categoryId) VALUES ("Brixton Pants", 354.90, "Blue", "S", 1500, "BOTTOMS");
INSERT INTO product (productName, unitPrice, color, product_size, quantityInStock, categoryId) VALUES ("Brixton Pants", 354.90, "Blue", "M", 1500, "BOTTOMS");
INSERT INTO product (productName, unitPrice, color, product_size, quantityInStock, categoryId) VALUES ("Brixton Pants", 354.90, "Blue", "L", 1500, "BOTTOMS");
INSERT INTO product (productName, unitPrice, color, product_size, quantityInStock, categoryId) VALUES ("Brixton Pants", 354.90, "Blue", "XL", 1500, "BOTTOMS");
INSERT INTO product (productName, unitPrice, color, product_size, quantityInStock, categoryId) VALUES ("Brixton Pants", 354.90, "Black", "XS", 1500, "BOTTOMS");
INSERT INTO product (productName, unitPrice, color, product_size, quantityInStock, categoryId) VALUES ("Brixton Pants", 354.90, "Black", "S", 1500, "BOTTOMS");
INSERT INTO product (productName, unitPrice, color, product_size, quantityInStock, categoryId) VALUES ("Brixton Pants", 354.90, "Black", "M", 1500, "BOTTOMS");
INSERT INTO product (productName, unitPrice, color, product_size, quantityInStock, categoryId) VALUES ("Brixton Pants", 354.90, "Black", "L", 1500, "BOTTOMS");
INSERT INTO product (productName, unitPrice, color, product_size, quantityInStock, categoryId) VALUES ("Brixton Pants", 354.90, "Black", "XL", 1500, "BOTTOMS");



/* EMPLOYEE */

INSERT INTO employee (employeeId, firstName, surname, phoneNumber, employeeType) VALUES ("9910257698085","Haaris","Davidson","0825570305","D");
INSERT INTO employee (employeeId, firstName, surname, phoneNumber, employeeType) VALUES ("8910157501083","Negan","John","0825369807","D");
INSERT INTO employee (employeeId, firstName, surname, phoneNumber, employeeType) VALUES ("9807079238084","Peter","Davidson","0825368807","D");
INSERT INTO employee (employeeId, firstName, surname, phoneNumber, employeeType) VALUES ("9206148420080","Yousif","Sampson","0834495428 ","D");
INSERT INTO employee (employeeId, firstName, surname, phoneNumber, employeeType) VALUES ("9708162561087","Tracy","Alexander","0822078307","D");
INSERT INTO employee (employeeId, firstName, surname, phoneNumber, employeeType) VALUES ("7603305130084","Vincent","Sykes","0824198222 ","D");
INSERT INTO employee (employeeId, firstName, surname, phoneNumber, employeeType) VALUES ("9308100837085","Elspeth","Lord","0822541888","D");
INSERT INTO employee (employeeId, firstName, surname, phoneNumber, employeeType) VALUES ("8408162705088","Nancy","Drew","0823134997","D");
INSERT INTO employee (employeeId, firstName, surname, phoneNumber, employeeType) VALUES ("8008313851086","Mariana","Townsend","0833061674","D");
INSERT INTO employee (employeeId, firstName, surname, phoneNumber, employeeType) VALUES ("9610141442084","Pamela","Anderson","0847552429","D");
INSERT INTO employee (employeeId, firstName, surname, phoneNumber, employeeType) VALUES ("8102021968082","Fathima","Khan","0822419836","P");
INSERT INTO employee (employeeId, firstName, surname, phoneNumber, employeeType) VALUES ("8907132191089","Laiela","Jacobs","0844812368","P");
INSERT INTO employee (employeeId, firstName, surname, phoneNumber, employeeType) VALUES ("7003315637089","Colby","Salt","0852025766","P");
INSERT INTO employee (employeeId, firstName, surname, phoneNumber, employeeType) VALUES ("9301087894088","Michael","Richards","0836035633","P");
INSERT INTO employee (employeeId, firstName, surname, phoneNumber, employeeType) VALUES ("8809033374089","Zakary","Welch","0845901835","P");
INSERT INTO employee (employeeId, firstName, surname, phoneNumber, employeeType) VALUES ("0201262594082","Melanie","Porter","0849710516","P");


/* DRIVER */


INSERT INTO driver (employeeId, licenseCode, licenseExpiryDate, salary) VALUES ("7603305130084", "C", "2025-09-26", 6827.65);
INSERT INTO driver (employeeId, licenseCode, licenseExpiryDate, salary) VALUES ("8008313851086", "C1", "2027-03-22", 7236.25);
INSERT INTO driver (employeeId, licenseCode, licenseExpiryDate, salary) VALUES ("8408162705088", "EB", "2026-06-15", 6900);
INSERT INTO driver (employeeId, licenseCode, licenseExpiryDate, salary) VALUES ("8910157501083", "C", "2027-07-25", 5826.35);
INSERT INTO driver (employeeId, licenseCode, licenseExpiryDate, salary) VALUES ("9206148420080", "C1", "2026-05-29", 7520);
INSERT INTO driver (employeeId, licenseCode, licenseExpiryDate, salary) VALUES ("9308100837085", "C", "2027-02-17", 9652.42);
INSERT INTO driver (employeeId, licenseCode, licenseExpiryDate, salary) VALUES ("9610141442084", "EB", "2027-01-13", 6942);
INSERT INTO driver (employeeId, licenseCode, licenseExpiryDate, salary) VALUES ("9708162561087", "C", "2026-11-30", 4151.40);
INSERT INTO driver (employeeId, licenseCode, licenseExpiryDate, salary) VALUES ("9807079238084", "C", "2025-05-10", 8826.25);
INSERT INTO driver (employeeId, licenseCode, licenseExpiryDate, salary) VALUES ("9910257698085", "EC1", "2024-03-12", 10450.63);


/* PACKER */


INSERT INTO packer (employeeId, hourlyRate) VALUES ("0201262594082", 62.5);
INSERT INTO packer (employeeId, hourlyRate) VALUES ("7003315637089", 66.56);
INSERT INTO packer (employeeId, hourlyRate) VALUES ("8102021968082", 85.25);
INSERT INTO packer (employeeId, hourlyRate) VALUES ("8809033374089", 78.16);
INSERT INTO packer (employeeId, hourlyRate) VALUES ("8907132191089", 64.35);
INSERT INTO packer (employeeId, hourlyRate) VALUES ("9301087894088", 88.00);


/* VEHICLE */


INSERT INTO vehicle (vin, make, transmissionType, fuelType, vehicleType) VALUES ("1FMZU73E05ZA19206", "Nissan NP200", "AUTOMATIC", "PETROL", "BAKKIE");
INSERT INTO vehicle (vin, make, transmissionType, fuelType, vehicleType) VALUES ("JTHCK262782019414", "Nissan NP200", "AUTOMATIC", "PETROL", "BAKKIE");
INSERT INTO vehicle (vin, make, transmissionType, fuelType, vehicleType) VALUES ("5FNRL3H50AB089961", "Nissan NP200", "AUTOMATIC", "PETROL", "BAKKIE");
INSERT INTO vehicle (vin, make, transmissionType, fuelType, vehicleType) VALUES ("JTNJJXB08CJ082528", "Nissan NP200", "AUTOMATIC", "PETROL", "BAKKIE");
INSERT INTO vehicle (vin, make, transmissionType, fuelType, vehicleType) VALUES ("3FAHP0JG6AR279083", "Nissan NP200", "AUTOMATIC", "PETROL", "BAKKIE");
INSERT INTO vehicle (vin, make, transmissionType, fuelType, vehicleType) VALUES ("1FMDU32X3MUA71818", "Hyundai H100", "MANUAL", "DIESEL", "TRUCK");
INSERT INTO vehicle (vin, make, transmissionType, fuelType, vehicleType) VALUES ("5GZER13728J280762", "Hyundai H100", "MANUAL", "DIESEL", "TRUCK");
INSERT INTO vehicle (vin, make, transmissionType, fuelType, vehicleType) VALUES ("1J4RR4GG9BC593179", "Hyundai H100", "MANUAL", "DIESEL", "TRUCK");


/* DELIVERY */
INSERT INTO delivery (province, dEmployeeId, pEmployeeId, vin, deliveryStatus, departureDate, arrivalDate) VALUES ("Limpopo", "8910157501083", "8102021968082", "1FMDU32X3MUA71818", "DELIVERED", "2022-06-15", "2022-06-17");

INSERT INTO delivery (province, dEmployeeId, pEmployeeId, vin, deliveryStatus, departureDate, arrivalDate) VALUES ("Gauteng", "9610141442084", "7003315637089", "1FMZU73E05ZA19206", "DELIVERED", "2022-06-16", "2022-06-17");

INSERT INTO delivery (province, dEmployeeId, pEmployeeId, vin, deliveryStatus, departureDate, arrivalDate) VALUES ("Western Cape", "9206148420080", "0201262594082", "JTHCK262782019414", "IN TRANSIT", "2022-06-17", "2022-06-20");

INSERT INTO delivery (province, dEmployeeId, pEmployeeId, vin, deliveryStatus, departureDate, arrivalDate) VALUES ("Eastern Cape", "9308100837085", "8809033374089", "3FAHP0JG6AR279083", "IN TRANSIT", "2022-06-22", "2022-06-23");

INSERT INTO delivery (province, dEmployeeId, pEmployeeId, vin, deliveryStatus, departureDate, arrivalDate) VALUES ("Eastern Cape", "9910257698085", "9301087894088", "1FMDU32X3MUA71818", "IN TRANSIT", "2022-06-22", "2022-06-24");
/**/
INSERT INTO delivery (province, dEmployeeId, pEmployeeId, vin, deliveryStatus, departureDate, arrivalDate) VALUES ("Free State", "9308100837085", "8809033374089", "1J4RR4GG9BC593179", "IN TRANSIT", "2022-06-23", "2022-06-28");

INSERT INTO delivery (province, dEmployeeId, pEmployeeId, vin, deliveryStatus, departureDate, arrivalDate) VALUES ("Mpumalanga", "8910157501083", "8102021968082", "JTHCK262782019414", "IN TRANSIT", "2022-06-24", "2022-06-26");

INSERT INTO delivery (province, dEmployeeId, pEmployeeId, vin, deliveryStatus, departureDate, arrivalDate) VALUES ("Limpopo", "9708162561087", "9301087894088", "5GZER13728J280762", "IN TRANSIT", "2022-06-25", "2022-06-27");

INSERT INTO delivery (province, dEmployeeId, pEmployeeId, vin, deliveryStatus, departureDate, arrivalDate) VALUES ("Gauteng", "9206148420080", "8809033374089", "3FAHP0JG6AR279083", "IN TRANSIT", "2022-06-27", "2022-06-30");


/* ORDER_TABLE */

INSERT INTO order_tbl (customerId, deliveryId, orderDate, totalOrderPrice, paid) VALUES ("0102105776086", 1, "2022-06-10", 11215.10, "YES");

INSERT INTO order_tbl (customerId, deliveryId, orderDate, totalOrderPrice, paid) VALUES ("0103135791087", 2, "2022-06-15", 617.50, "YES");

INSERT INTO order_tbl (customerId, deliveryId, orderDate, totalOrderPrice, paid) VALUES ("0111174100086", 3, "2022-06-12", 5422.22, "YES");

INSERT INTO order_tbl (customerId, deliveryId, orderDate, totalOrderPrice, paid) VALUES ("8203181041080", 3, "2022-06-14", 15907.32, "NO");

INSERT INTO order_tbl (customerId, deliveryId, orderDate, totalOrderPrice, paid) VALUES ("8604066864084", 4, "2022-06-18", 0.00, "NO");

INSERT INTO order_tbl (customerId, deliveryId, orderDate, totalOrderPrice, paid) VALUES ("7206117730081", 5, "2022-06-19", 0.00, "NO");
/**/
INSERT INTO order_tbl (customerId, deliveryId, orderDate, totalOrderPrice, paid) VALUES ("9908235951089", 6, "2022-06-20", 0.00, "NO");

/* ORDER_DETAILS */

INSERT INTO order_details (orderId, productId, quantityRequested, totalPrice, employeeId) VALUES (1, 2, 10, 8686.10, "8907132191089");
UPDATE product SET quantityInStock=(quantityInStock-10) WHERE productId=2;
INSERT INTO order_details (orderId, productId, quantityRequested, totalPrice, employeeId) VALUES (1, 73, 10, 2529.00, "8102021968082");
UPDATE product SET quantityInStock=(quantityInStock-10) WHERE productId=73;

INSERT INTO order_details (orderId, productId, quantityRequested, totalPrice, employeeId) VALUES (2, 36, 25, 617.50, "8102021968082");
UPDATE product SET quantityInStock=(quantityInStock-25) WHERE productId=36;

INSERT INTO order_details (orderId, productId, quantityRequested, totalPrice, employeeId) VALUES (3, 36, 25, 617.50, "7003315637089");
UPDATE product SET quantityInStock=(quantityInStock-25) WHERE productId=36;
INSERT INTO order_details (orderId, productId, quantityRequested, totalPrice, employeeId) VALUES (3, 84, 8, 2839.20, "9301087894088");
UPDATE product SET quantityInStock=(quantityInStock-8) WHERE productId=84;
INSERT INTO order_details (orderId, productId, quantityRequested, totalPrice, employeeId) VALUES (3, 18, 8, 1965.52, "8102021968082");
UPDATE product SET quantityInStock=(quantityInStock-8) WHERE productId=18;

INSERT INTO order_details (orderId, productId, quantityRequested, totalPrice, employeeId) VALUES (4, 48, 13, 2271.62, "0201262594082");
UPDATE product SET quantityInStock=(quantityInStock-13) WHERE productId=48;
INSERT INTO order_details (orderId, productId, quantityRequested, totalPrice, employeeId) VALUES (4, 49, 13, 2271.62, "7003315637089");
UPDATE product SET quantityInStock=(quantityInStock-13) WHERE productId=49;
INSERT INTO order_details (orderId, productId, quantityRequested, totalPrice, employeeId) VALUES (4, 27, 13, 1068.34, "7003315637089");
UPDATE product SET quantityInStock=(quantityInStock-13) WHERE productId=27;
INSERT INTO order_details (orderId, productId, quantityRequested, totalPrice, employeeId) VALUES (4, 28, 13, 1068.34, "8102021968082");
UPDATE product SET quantityInStock=(quantityInStock-13) WHERE productId=28;
INSERT INTO order_details (orderId, productId, quantityRequested, totalPrice, employeeId) VALUES (4, 83, 13, 4613.70, "8907132191089");
UPDATE product SET quantityInStock=(quantityInStock-13) WHERE productId=83;
INSERT INTO order_details (orderId, productId, quantityRequested, totalPrice, employeeId) VALUES (4, 84, 13, 4613.70, "8102021968082");
UPDATE product SET quantityInStock=(quantityInStock-13) WHERE productId=84;

INSERT INTO order_details (orderId, productId, quantityRequested, totalPrice, employeeId) VALUES (5, 50, 100, 17474.00, "9301087894088");
UPDATE product SET quantityInStock=(quantityInStock-100) WHERE productId=50;
INSERT INTO order_details (orderId, productId, quantityRequested, totalPrice, employeeId) VALUES (5, 70, 100, 25290.00, "8907132191089");
UPDATE product SET quantityInStock=(quantityInStock-100) WHERE productId=70;

INSERT INTO order_details (orderId, productId, quantityRequested, totalPrice, employeeId) VALUES (6, 46, 20, 3494.80, "7003315637089");
UPDATE product SET quantityInStock=(quantityInStock-20) WHERE productId=46;

INSERT INTO order_details (orderId, productId, quantityRequested, totalPrice, employeeId) VALUES (7, 32, 35, 2876.30, "8809033374089");
UPDATE product SET quantityInStock=(quantityInStock-35) WHERE productId=32;                       
INSERT INTO order_details (orderId, productId, quantityRequested, totalPrice, employeeId) VALUES (7, 33, 35, 2876.30, "8102021968082");
UPDATE product SET quantityInStock=(quantityInStock-35) WHERE productId=33;                       
INSERT INTO order_details (orderId, productId, quantityRequested, totalPrice, employeeId) VALUES (7, 34, 35, 2876.30, "8809033374089");
UPDATE product SET quantityInStock=(quantityInStock-35) WHERE productId=34;


/* PAYMENT */

INSERT INTO payment (customerId, orderId, paymentDate, paymentAmount, paymentType) VALUES ("0102105776086", 1, "2022-06-10", 11215.10, "CR");

INSERT INTO payment (customerId, orderId, paymentDate, paymentAmount, paymentType) VALUES ("0103135791087", 2, "2022-06-15", 617.50, "C");

INSERT INTO payment (customerId, orderId, paymentDate, paymentAmount, paymentType) VALUES ("0111174100086", 3, "2022-05-12", 2500.00, "CR");
INSERT INTO payment (customerId, orderId, paymentDate, paymentAmount, paymentType) VALUES ("0111174100086", 3, "2022-05-12", 2922.22, "CR");

INSERT INTO payment (customerId, orderId, paymentDate, paymentAmount, paymentType) VALUES ("8203181041080", 4, "2022-05-14", 5500.00, "C");
INSERT INTO payment (customerId, orderId, paymentDate, paymentAmount, paymentType) VALUES ("8203181041080", 4, "2022-05-15", 6000.00, "C");
INSERT INTO payment (customerId, orderId, paymentDate, paymentAmount, paymentType) VALUES ("8203181041080", 4, "2022-05-15", 4407.32, "C");
UPDATE order_tbl SET paid="YES" WHERE orderId=4;

INSERT INTO payment (customerId, orderId, paymentDate, paymentAmount, paymentType) VALUES ("8604066864084", 5, "2022-05-18", 10000.00, "CR");
INSERT INTO payment (customerId, orderId, paymentDate, paymentAmount, paymentType) VALUES ("8604066864084", 5, "2022-05-19", 10000.00, "CR");
INSERT INTO payment (customerId, orderId, paymentDate, paymentAmount, paymentType) VALUES ("8604066864084", 5, "2022-05-20", 10000.00, "CR");
INSERT INTO payment (customerId, orderId, paymentDate, paymentAmount, paymentType) VALUES ("8604066864084", 5, "2022-05-21", 10000.00, "CR");
INSERT INTO payment (customerId, orderId, paymentDate, paymentAmount, paymentType) VALUES ("8604066864084", 5, "2022-05-22", 2764.00, "CR");
UPDATE order_tbl SET totalOrderPrice=42764.00, paid="YES" WHERE orderId=5;

INSERT INTO payment (customerId, orderId, paymentDate, paymentAmount, paymentType) VALUES ("7206117730081", 6, "2022-05-19", 3494.80, "C");
UPDATE order_tbl SET totalOrderPrice=3494.80, paid="YES" WHERE orderId=6;

INSERT INTO payment (customerId, orderId, paymentDate, paymentAmount, paymentType) VALUES ("9908235951089", 7, "2022-05-20", 8628.90, "C");
UPDATE order_tbl SET totalOrderPrice=8628.90, paid="YES" WHERE orderId=7;

/* CASH */

INSERT INTO cash (cashTransactionNumber, paymentId) VALUES ("C0001", 2);
INSERT INTO cash (cashTransactionNumber, paymentId) VALUES ("C0002", 5);
INSERT INTO cash (cashTransactionNumber, paymentId) VALUES ("C0003", 6);
INSERT INTO cash (cashTransactionNumber, paymentId) VALUES ("C0004", 7);

INSERT INTO cash (cashTransactionNumber, paymentId) VALUES ("C0005", 13);

INSERT INTO cash (cashTransactionNumber, paymentId) VALUES ("C0006", 14);

/* CREDIT_CARD */

INSERT INTO credit_card (accountNumber, paymentId, expiryDate, securityCode) VALUES ("4562387546987516", 1, "2023-08-12", 268);

INSERT INTO credit_card (accountNumber, paymentId, expiryDate, securityCode) VALUES ("1232387512987875", 3, "2025-07-12", 103);
INSERT INTO credit_card (accountNumber, paymentId, expiryDate, securityCode) VALUES ("1232387512987875", 4, "2025-07-12", 103);

INSERT INTO credit_card (accountNumber, paymentId, expiryDate, securityCode) VALUES ("5269387512980312", 8, "2024-06-13", 225);
INSERT INTO credit_card (accountNumber, paymentId, expiryDate, securityCode) VALUES ("5269387512980312", 9, "2024-06-13", 225);
INSERT INTO credit_card (accountNumber, paymentId, expiryDate, securityCode) VALUES ("5269387512980312", 10, "2024-06-13", 225);
INSERT INTO credit_card (accountNumber, paymentId, expiryDate, securityCode) VALUES ("5269387512980312", 11, "2024-06-13", 225);
INSERT INTO credit_card (accountNumber, paymentId, expiryDate, securityCode) VALUES ("5269387512980312", 12, "2024-06-13", 225);

/* PRODUCT_REVIEW */

INSERT INTO product_review (customerID, productId, title, review, rating) VALUES ("0102105776086", 2, "Excellent Quality", "I was very pleased to find the product to have such high quality and to be really warm.", 8);
INSERT INTO product_review (customerID, productId, title, review, rating) VALUES ("0102105776086", 73, "Terrible Stitching", "The jeans are a quality product but the stitching was untidy.", 5);

INSERT INTO product_review (customerID, productId, title, review, rating) VALUES ("0103135791087", 36, "Satisfied Customer", "The hard hats are of top quality and was delivered really quickly.", 10);

INSERT INTO product_review (customerID, productId, title, review, rating) VALUES ("0111174100086", 36, "Great Service", "The products were delivered on time and with great care.", 8);
INSERT INTO product_review (customerID, productId, title, review, rating) VALUES ("0111174100086", 84, "Over Priced", "The pants were of decent quality but were not worth it for the price I paid.", 6);
INSERT INTO product_review (customerID, productId, title, review, rating) VALUES ("0111174100086", 18, "Disatisfied Customer", "The body warmer does the opposite of what it is meant to do.", 2);

INSERT INTO product_review (customerID, productId, title, review, rating) VALUES ("8203181041080", 27, "They are quite fine", "Faster than expected, and the quality is solid fine. A little bit small for the size S, but I still look great in it.", 7);
INSERT INTO product_review (customerID, productId, title, review, rating) VALUES ("8203181041080", 49, "Love it!", "This is such a neat golfer. The color is great and the fabric is super soft. ", 9);

INSERT INTO product_review (customerID, productId, title, review, rating) VALUES ("8604066864084", 50, "Genuine Product", "The color is great and the fabric is super soft. ", 10);

INSERT INTO product_review (customerID, productId, title, review, rating) VALUES ("7206117730081", 50, "Kachow", "The bright red color is great and makes me feel like lightning MCqueen. ", 9);

INSERT INTO product_review (customerID, productId, title, review, rating) VALUES ("9908235951089", 33, "Staff love", "My staff really love the quality of the Figo top. Delivery did take a bit longer than anticipated.", 6);
INSERT INTO product_review (customerID, productId, title, review, rating) VALUES ("9908235951089", 32, "Great Colors", "The colors on the tops I ordered were fantastic and the material is super soft.", 8);